user_id,name,email,password,phone,role,created_at
1,Imran Khan,imran.khan1@hotmail.com,hashed_bcrypt_$2b$12$salt0001hash000007,03314744854,vendor,2025-02-22 00:00:00
2,Uzma Malik,uzma.malik2@outlook.com,hashed_bcrypt_$2b$12$salt0002hash000014,03011499914,vendor,2025-04-22 00:00:00
3,Hira Javed,hira.javed3@gmail.com,hashed_bcrypt_$2b$12$salt0003hash000021,03318038374,vendor,2025-04-25 00:00:00
4,Omer Hussain,omer.hussain4@gmail.com,hashed_bcrypt_$2b$12$salt0004hash000028,03218090293,vendor,2025-03-13 00:00:00
5,Sana Chaudhry,sana.chaudhry5@hotmail.com,hashed_bcrypt_$2b$12$salt0005hash000035,03112556017,vendor,2025-01-25 00:00:00
6,Rehan Farooq,rehan.farooq6@hotmail.com,hashed_bcrypt_$2b$12$salt0006hash000042,03018707870,vendor,2025-02-01 00:00:00
7,Yasir Malik,yasir.malik7@hotmail.com,hashed_bcrypt_$2b$12$salt0007hash000049,03124226067,vendor,2025-01-09 00:00:00
8,Hamza Akhtar,hamza.akhtar8@hotmail.com,hashed_bcrypt_$2b$12$salt0008hash000056,03114905582,vendor,2025-01-13 00:00:00
9,Yasir Hussain,yasir.hussain9@outlook.com,hashed_bcrypt_$2b$12$salt0009hash000063,03123728882,vendor,2025-04-01 00:00:00
10,Nadia Hussain,nadia.hussain10@gmail.com,hashed_bcrypt_$2b$12$salt0010hash000070,03219961380,vendor,2025-02-01 00:00:00
11,Aisha Rana,aisha.rana11@outlook.com,hashed_bcrypt_$2b$12$salt0011hash000077,03414684531,vendor,2025-03-25 00:00:00
12,Usman Akhtar,usman.akhtar12@gmail.com,hashed_bcrypt_$2b$12$salt0012hash000084,03127730428,vendor,2025-01-17 00:00:00
13,Nadia Naqvi,nadia.naqvi13@hotmail.com,hashed_bcrypt_$2b$12$salt0013hash000091,03319375710,vendor,2025-06-14 00:00:00
14,Lubna Qureshi,lubna.qureshi14@hotmail.com,hashed_bcrypt_$2b$12$salt0014hash000098,03215137722,vendor,2025-03-13 00:00:00
15,Uzma Hussain,uzma.hussain15@outlook.com,hashed_bcrypt_$2b$12$salt0015hash000105,03227073292,vendor,2025-02-05 00:00:00
16,Saima Bhatti,saima.bhatti16@gmail.com,hashed_bcrypt_$2b$12$salt0016hash000112,03012839607,vendor,2025-03-23 00:00:00
17,Farah Hashmi,farah.hashmi17@gmail.com,hashed_bcrypt_$2b$12$salt0017hash000119,03227402509,vendor,2025-04-30 00:00:00
18,Tooba Hussain,tooba.hussain18@gmail.com,hashed_bcrypt_$2b$12$salt0018hash000126,03115476583,vendor,2025-03-24 00:00:00
19,Salman Sheikh,salman.sheikh19@hotmail.com,hashed_bcrypt_$2b$12$salt0019hash000133,03223653446,vendor,2025-01-01 00:00:00
20,Amna Javed,amna.javed20@yahoo.com,hashed_bcrypt_$2b$12$salt0020hash000140,03116007072,vendor,2025-03-23 00:00:00
21,Saima Hashmi,saima.hashmi21@yahoo.com,hashed_bcrypt_$2b$12$salt0021hash000147,03217273233,customer,2025-01-21 00:00:00
22,Uzma Javed,uzma.javed22@gmail.com,hashed_bcrypt_$2b$12$salt0022hash000154,03129197443,customer,2025-02-27 00:00:00
23,Waqar Bukhari,waqar.bukhari23@yahoo.com,hashed_bcrypt_$2b$12$salt0023hash000161,03015041154,customer,2025-03-14 00:00:00
24,Kamran Malik,kamran.malik24@outlook.com,hashed_bcrypt_$2b$12$salt0024hash000168,03119937326,customer,2025-01-17 00:00:00
25,Adnan Bhatti,adnan.bhatti25@yahoo.com,hashed_bcrypt_$2b$12$salt0025hash000175,03419852897,customer,2025-03-19 00:00:00
26,Farah Chaudhry,farah.chaudhry26@yahoo.com,hashed_bcrypt_$2b$12$salt0026hash000182,03417693979,customer,2025-04-06 00:00:00
27,Sobia Javed,sobia.javed27@outlook.com,hashed_bcrypt_$2b$12$salt0027hash000189,03115159166,customer,2025-01-17 00:00:00
28,Salman Khan,salman.khan28@yahoo.com,hashed_bcrypt_$2b$12$salt0028hash000196,03311120642,customer,2025-01-31 00:00:00
29,Hira Malik,hira.malik29@gmail.com,hashed_bcrypt_$2b$12$salt0029hash000203,03122188789,customer,2025-03-02 00:00:00
30,Ali Bhatti,ali.bhatti30@yahoo.com,hashed_bcrypt_$2b$12$salt0030hash000210,03218930103,customer,2025-07-20 00:00:00
31,Tariq Baig,tariq.baig31@yahoo.com,hashed_bcrypt_$2b$12$salt0031hash000217,03112626229,customer,2025-04-21 00:00:00
32,Rehan Baig,rehan.baig32@outlook.com,hashed_bcrypt_$2b$12$salt0032hash000224,03031908841,customer,2025-01-26 00:00:00
33,Usman Mirza,usman.mirza33@hotmail.com,hashed_bcrypt_$2b$12$salt0033hash000231,03115171761,customer,2025-04-08 00:00:00
34,Uzma Rana,uzma.rana34@yahoo.com,hashed_bcrypt_$2b$12$salt0034hash000238,03224078418,customer,2025-04-29 00:00:00
35,Rabia Malik,rabia.malik35@outlook.com,hashed_bcrypt_$2b$12$salt0035hash000245,03111848731,customer,2025-05-19 00:00:00
36,Ahmed Malik,ahmed.malik36@yahoo.com,hashed_bcrypt_$2b$12$salt0036hash000252,03217818496,customer,2025-05-04 00:00:00
37,Nadia Mirza,nadia.mirza37@gmail.com,hashed_bcrypt_$2b$12$salt0037hash000259,03217358113,customer,2025-07-19 00:00:00
38,Amna Rana,amna.rana38@hotmail.com,hashed_bcrypt_$2b$12$salt0038hash000266,03229164991,customer,2025-04-08 00:00:00
39,Hassan Chaudhry,hassan.chaudhry39@gmail.com,hashed_bcrypt_$2b$12$salt0039hash000273,03016261415,customer,2025-01-26 00:00:00
40,Omer Bhatti,omer.bhatti40@yahoo.com,hashed_bcrypt_$2b$12$salt0040hash000280,03019519948,customer,2025-04-06 00:00:00
41,Zubair Hashmi,zubair.hashmi41@gmail.com,hashed_bcrypt_$2b$12$salt0041hash000287,03317774229,customer,2025-05-07 00:00:00
42,Omer Hashmi,omer.hashmi42@gmail.com,hashed_bcrypt_$2b$12$salt0042hash000294,03118033426,customer,2025-05-14 00:00:00
43,Naveed Hussain,naveed.hussain43@yahoo.com,hashed_bcrypt_$2b$12$salt0043hash000301,03125004485,customer,2025-04-12 00:00:00
44,Adnan Bukhari,adnan.bukhari44@outlook.com,hashed_bcrypt_$2b$12$salt0044hash000308,03122217071,customer,2025-08-23 00:00:00
45,Asad Naqvi,asad.naqvi45@gmail.com,hashed_bcrypt_$2b$12$salt0045hash000315,03114576135,customer,2025-03-09 00:00:00
46,Adnan Farooq,adnan.farooq46@gmail.com,hashed_bcrypt_$2b$12$salt0046hash000322,03317199635,customer,2025-02-10 00:00:00
47,Sobia Raza,sobia.raza47@hotmail.com,hashed_bcrypt_$2b$12$salt0047hash000329,03016022741,customer,2025-01-14 00:00:00
48,Adnan Hussain,adnan.hussain48@gmail.com,hashed_bcrypt_$2b$12$salt0048hash000336,03113607983,customer,2025-03-14 00:00:00
49,Danish Chaudhry,danish.chaudhry49@hotmail.com,hashed_bcrypt_$2b$12$salt0049hash000343,03315428914,customer,2025-05-06 00:00:00
50,Amna Ahmed,amna.ahmed50@gmail.com,hashed_bcrypt_$2b$12$salt0050hash000350,03225641923,customer,2025-01-02 00:00:00
51,Salman Qureshi,salman.qureshi51@hotmail.com,hashed_bcrypt_$2b$12$salt0051hash000357,03218412769,customer,2025-04-20 00:00:00
52,Bushra Khan,bushra.khan52@gmail.com,hashed_bcrypt_$2b$12$salt0052hash000364,03113500715,customer,2025-01-10 00:00:00
53,Waqar Naqvi,waqar.naqvi53@yahoo.com,hashed_bcrypt_$2b$12$salt0053hash000371,03223138181,customer,2025-06-07 00:00:00
54,Waqar Ahmed,waqar.ahmed54@hotmail.com,hashed_bcrypt_$2b$12$salt0054hash000378,03315186414,customer,2025-01-27 00:00:00
55,Rehan Raza,rehan.raza55@outlook.com,hashed_bcrypt_$2b$12$salt0055hash000385,03214971793,customer,2025-01-21 00:00:00
56,Fatima Baig,fatima.baig56@gmail.com,hashed_bcrypt_$2b$12$salt0056hash000392,03216573147,customer,2025-02-22 00:00:00
57,Rabia Hussain,rabia.hussain57@yahoo.com,hashed_bcrypt_$2b$12$salt0057hash000399,03117417985,customer,2025-01-05 00:00:00
58,Tariq Akhtar,tariq.akhtar58@yahoo.com,hashed_bcrypt_$2b$12$salt0058hash000406,03036866294,customer,2025-07-30 00:00:00
59,Hira Akhtar,hira.akhtar59@gmail.com,hashed_bcrypt_$2b$12$salt0059hash000413,03317685149,customer,2025-03-13 00:00:00
60,Zubair Hussain,zubair.hussain60@hotmail.com,hashed_bcrypt_$2b$12$salt0060hash000420,03229996207,customer,2025-01-08 00:00:00
61,Imran Hussain,imran.hussain61@yahoo.com,hashed_bcrypt_$2b$12$salt0061hash000427,03411641849,customer,2025-08-11 00:00:00
62,Rehan Ansari,rehan.ansari62@outlook.com,hashed_bcrypt_$2b$12$salt0062hash000434,03117462506,customer,2025-03-15 00:00:00
63,Zara Hussain,zara.hussain63@gmail.com,hashed_bcrypt_$2b$12$salt0063hash000441,03221028374,customer,2025-05-18 00:00:00
64,Zara Farooq,zara.farooq64@outlook.com,hashed_bcrypt_$2b$12$salt0064hash000448,03116539837,customer,2025-03-22 00:00:00
65,Imran Bukhari,imran.bukhari65@hotmail.com,hashed_bcrypt_$2b$12$salt0065hash000455,03226472441,customer,2025-06-28 00:00:00
66,Hassan Raza,hassan.raza66@yahoo.com,hashed_bcrypt_$2b$12$salt0066hash000462,03318053918,customer,2025-04-08 00:00:00
67,Fatima Hashmi,fatima.hashmi67@hotmail.com,hashed_bcrypt_$2b$12$salt0067hash000469,03221006810,customer,2025-03-15 00:00:00
68,Nadia Baig,nadia.baig68@hotmail.com,hashed_bcrypt_$2b$12$salt0068hash000476,03038411939,customer,2025-06-22 00:00:00
69,Nadia Javed,nadia.javed69@outlook.com,hashed_bcrypt_$2b$12$salt0069hash000483,03212422633,customer,2025-05-12 00:00:00
70,Asad Ansari,asad.ansari70@gmail.com,hashed_bcrypt_$2b$12$salt0070hash000490,03316207974,customer,2025-07-26 00:00:00
71,Zara Qureshi,zara.qureshi71@gmail.com,hashed_bcrypt_$2b$12$salt0071hash000497,03015107776,customer,2025-06-06 00:00:00
72,Zubair Rana,zubair.rana72@outlook.com,hashed_bcrypt_$2b$12$salt0072hash000504,03317442089,customer,2025-04-13 00:00:00
73,Rabia Qureshi,rabia.qureshi73@gmail.com,hashed_bcrypt_$2b$12$salt0073hash000511,03118132769,customer,2025-02-15 00:00:00
74,Tooba Rana,tooba.rana74@gmail.com,hashed_bcrypt_$2b$12$salt0074hash000518,03313036059,customer,2025-02-04 00:00:00
75,Lubna Javed,lubna.javed75@hotmail.com,hashed_bcrypt_$2b$12$salt0075hash000525,03039468772,customer,2025-05-21 00:00:00
76,Sobia Siddiqui,sobia.siddiqui76@outlook.com,hashed_bcrypt_$2b$12$salt0076hash000532,03035348512,customer,2025-02-01 00:00:00
77,Ali Javed,ali.javed77@outlook.com,hashed_bcrypt_$2b$12$salt0077hash000539,03315606980,customer,2025-01-20 00:00:00
78,Hassan Akhtar,hassan.akhtar78@hotmail.com,hashed_bcrypt_$2b$12$salt0078hash000546,03126363836,customer,2025-03-11 00:00:00
79,Kamran Qureshi,kamran.qureshi79@yahoo.com,hashed_bcrypt_$2b$12$salt0079hash000553,03317426265,customer,2025-02-09 00:00:00
80,Nadia Malik,nadia.malik80@outlook.com,hashed_bcrypt_$2b$12$salt0080hash000560,03226551268,customer,2025-04-30 00:00:00
